<?xml version="1.0" encoding="UTF-8"?>
<beans xmlns="http://www.springframework.org/schema/beans"
	xmlns:xsi="http://www.w3.org/2001/XMLSchema-instance"
	   xmlns:context="http://www.springframework.org/schema/context"
		xmlns:aop="http://www.springframework.org/schema/aop"
	   xmlns:tx="http://www.springframework.org/schema/tx"
	   xmlns:mvc="http://www.springframework.org/schema/mvc"
	   xmlns:p="http://www.springframework.org/schema/p"
	xsi:schemaLocation="  
           http://www.springframework.org/schema/beans  
           http://www.springframework.org/schema/beans/spring-beans-3.0.xsd  
           http://www.springframework.org/schema/aop  
           http://www.springframework.org/schema/aop/spring-aop-3.0.xsd
           http://www.springframework.org/schema/context  
           http://www.springframework.org/schema/context/spring-context-3.0.xsd">
     
     <!-- 引入jdbc配置文件 -->
     <bean id="propertyConfigurer" class="org.springframework.beans.factory.config.PropertyPlaceholderConfigurer">
        <property name="locations">
            <list>
               <value>classpath:*.properties</value>
                <!--要是有多个配置文件，只需在这里继续添加即可 -->
            </list>
        </property>
    </bean>
    
	<!-- 配置数据源 -->
	<bean id="dataSource"
		class="org.springframework.jdbc.datasource.DriverManagerDataSource">
		<!-- 不使用properties来配置 -->
		<!-- <property name="driverClassName" value="com.mysql.jdbc.Driver" /> 
			<property name="url" value="jdbc:mysql://localhost:3306/learning" /> 
			<property name="username" value="root" /> 
			<property name="password" value="christmas258@" /> -->
	   <!-- 使用properties来配置 -->
		<property name="driverClassName">
			<value>${jdbc_driverClassName}</value>
		</property>
		<property name="url">
			<value>${jdbc_url}</value>
		</property>
		<property name="username">
			<value>${jdbc_username}</value>
		</property>
		<property name="password">
			<value>${jdbc_password}</value>
		</property>
	</bean>

    <!-- 配置Mybatis的文件 ，mapperLocations配置**Mapper.xml文件位置，configLocation配置mybatis-config文件位置-->
	<bean id="sqlSessionFactory" class="org.mybatis.spring.SqlSessionFactoryBean">
		<property name="dataSource" ref="dataSource" />
        <property name="mapperLocations" value="classpath*:mapper/*.xml"/>
		<property name="configLocation" value="classpath*:mybatis/mybatis.xml" />
	</bean>

	<bean class="org.mybatis.spring.mapper.MapperScannerConfigurer">
		<property name="basePackage" value="com.test" />
		<property name="annotationClass" value="org.springframework.stereotype.Repository" />
		<property name="sqlSessionFactoryBeanName" value="sqlSessionFactory" />
	</bean>

	<mvc:default-servlet-handler />

</beans>
